<?xml version="1.0" encoding="UTF-8" standalone="yes"?>
<model type="com.apple.IDECoreDataModeler.DataModel" documentVersion="1.0" lastSavedToolsVersion="17709" systemVersion="19H2" minimumToolsVersion="Automatic" sourceLanguage="Swift" userDefinedModelVersionIdentifier="">
    <entity name="Event" representedClassName="Event" syncable="YES">
        <attribute name="edate" optional="YES" attributeType="String"/>
        <attribute name="eid" optional="YES" attributeType="String"/>
        <attribute name="elocation" optional="YES" attributeType="String"/>
        <attribute name="etype" optional="YES" attributeType="String"/>
    </entity>
    <elements>
        <element name="Event" positionX="-45" positionY="0" width="128" height="103"/>
    </elements>
</model>