<?xml version="1.0" encoding="UTF-8"?>
<document type="com.apple.InterfaceBuilder3.CocoaTouch.Storyboard.XIB" version="3.0" toolsVersion="17701" targetRuntime="iOS.CocoaTouch" propertyAccessControl="none" useAutolayout="YES" useTraitCollections="YES" useSafeAreas="YES" colorMatched="YES" initialViewController="huw-Rq-CbY">
    <device id="retina6_1" orientation="portrait" appearance="light"/>
    <dependencies>
        <plugIn identifier="com.apple.InterfaceBuilder.IBCocoaTouchPlugin" version="17703"/>
        <capability name="Safe area layout guides" minToolsVersion="9.0"/>
        <capability name="System colors in document resources" minToolsVersion="11.0"/>
        <capability name="documents saved in the Xcode 8 format" minToolsVersion="8.0"/>
    </dependencies>
    <scenes>
        <!--View Controller-->
        <scene sceneID="tne-QT-ifu">
            <objects>
                <viewController id="BYZ-38-t0r" customClass="ViewController" customModule="Exam" customModuleProvider="target" sceneMemberID="viewController">
                    <view key="view" contentMode="scaleToFill" id="8bC-Xf-vdC">
                        <rect key="frame" x="0.0" y="0.0" width="414" height="896"/>
                        <autoresizingMask key="autoresizingMask" widthSizable="YES" heightSizable="YES"/>
                        <subviews>
                            <textField opaque="NO" contentMode="scaleToFill" fixedFrame="YES" contentHorizontalAlignment="left" contentVerticalAlignment="center" borderStyle="roundedRect" placeholder="EVENT ID" textAlignment="center" minimumFontSize="17" translatesAutoresizingMaskIntoConstraints="NO" id="yPB-QI-fRW">
                                <rect key="frame" x="138" y="132" width="149" height="34"/>
                                <autoresizingMask key="autoresizingMask" flexibleMaxX="YES" flexibleMaxY="YES"/>
                                <fontDescription key="fontDescription" type="system" pointSize="14"/>
                                <textInputTraits key="textInputTraits"/>
                            </textField>
                            <textField opaque="NO" contentMode="scaleToFill" fixedFrame="YES" contentHorizontalAlignment="left" contentVerticalAlignment="center" borderStyle="roundedRect" placeholder="EVENT TYPE" textAlignment="center" minimumFontSize="17" translatesAutoresizingMaskIntoConstraints="NO" id="zmg-VM-n2s">
                                <rect key="frame" x="138" y="186" width="149" height="34"/>
                                <autoresizingMask key="autoresizingMask" flexibleMaxX="YES" flexibleMaxY="YES"/>
                                <fontDescription key="fontDescription" type="system" pointSize="14"/>
                                <textInputTraits key="textInputTraits"/>
                            </textField>
                            <textField opaque="NO" contentMode="scaleToFill" fixedFrame="YES" contentHorizontalAlignment="left" contentVerticalAlignment="center" borderStyle="roundedRect" placeholder="EVENT DATE" textAlignment="center" minimumFontSize="17" translatesAutoresizingMaskIntoConstraints="NO" id="Q5H-sJ-Lbp">
                                <rect key="frame" x="138" y="239" width="149" height="34"/>
                                <autoresizingMask key="autoresizingMask" flexibleMaxX="YES" flexibleMaxY="YES"/>
                                <fontDescription key="fontDescription" type="system" pointSize="14"/>
                                <textInputTraits key="textInputTraits"/>
                            </textField>
                            <textField opaque="NO" contentMode="scaleToFill" fixedFrame="YES" contentHorizontalAlignment="left" contentVerticalAlignment="center" borderStyle="roundedRect" placeholder="EVENT LOCATION" textAlignment="natural" minimumFontSize="17" translatesAutoresizingMaskIntoConstraints="NO" id="RVS-Sd-U5F">
                                <rect key="frame" x="138" y="292" width="149" height="34"/>
                                <autoresizingMask key="autoresizingMask" flexibleMaxX="YES" flexibleMaxY="YES"/>
                                <fontDescription key="fontDescription" type="system" pointSize="14"/>
                                <textInputTraits key="textInputTraits"/>
                            </textField>
                            <button opaque="NO" contentMode="scaleToFill" fixedFrame="YES" contentHorizontalAlignment="center" contentVerticalAlignment="center" buttonType="system" lineBreakMode="middleTruncation" translatesAutoresizingMaskIntoConstraints="NO" id="uZF-EU-6Z3">
                                <rect key="frame" x="127" y="492" width="171" height="60"/>
                                <autoresizingMask key="autoresizingMask" flexibleMaxX="YES" flexibleMaxY="YES"/>
                                <color key="backgroundColor" systemColor="systemTealColor"/>
                                <state key="normal" title="Display"/>
                                <connections>
                                    <segue destination="DKj-CC-qg0" kind="show" id="tnf-md-bTb"/>
                                </connections>
                            </button>
                            <button opaque="NO" contentMode="scaleToFill" fixedFrame="YES" contentHorizontalAlignment="center" contentVerticalAlignment="center" buttonType="system" lineBreakMode="middleTruncation" translatesAutoresizingMaskIntoConstraints="NO" id="O5b-mY-7Un">
                                <rect key="frame" x="170" y="419" width="85" height="58"/>
                                <autoresizingMask key="autoresizingMask" flexibleMaxX="YES" flexibleMaxY="YES"/>
                                <color key="backgroundColor" systemColor="systemGreenColor"/>
                                <state key="normal" title="ADD"/>
                                <connections>
                                    <action selector="btnadd:" destination="BYZ-38-t0r" eventType="touchUpInside" id="V1w-ok-rQt"/>
                                </connections>
                            </button>
                        </subviews>
                        <viewLayoutGuide key="safeArea" id="6Tk-OE-BBY"/>
                        <color key="backgroundColor" systemColor="systemGray2Color"/>
                    </view>
                    <navigationItem key="navigationItem" id="Nh4-40-cTh"/>
                    <connections>
                        <outlet property="txtdate" destination="Q5H-sJ-Lbp" id="7gB-Dv-z1z"/>
                        <outlet property="txtid" destination="yPB-QI-fRW" id="zrS-2K-Xvk"/>
                        <outlet property="txtlocation" destination="RVS-Sd-U5F" id="hfY-9e-4GW"/>
                        <outlet property="txttype" destination="zmg-VM-n2s" id="cjZ-zK-LDT"/>
                    </connections>
                </viewController>
                <placeholder placeholderIdentifier="IBFirstResponder" id="dkx-z0-nzr" sceneMemberID="firstResponder"/>
            </objects>
            <point key="canvasLocation" x="923.1884057971015" y="103.79464285714285"/>
        </scene>
        <!--ListViewController-->
        <scene sceneID="KWL-Ys-rd0">
            <objects>
                <viewController storyboardIdentifier="ListViewController" title="ListViewController" id="DKj-CC-qg0" customClass="ListViewController" customModule="Exam" customModuleProvider="target" sceneMemberID="viewController">
                    <view key="view" contentMode="scaleToFill" id="Lug-qT-EHC">
                        <rect key="frame" x="0.0" y="0.0" width="414" height="896"/>
                        <autoresizingMask key="autoresizingMask" widthSizable="YES" heightSizable="YES"/>
                        <subviews>
                            <tableView clipsSubviews="YES" contentMode="scaleToFill" alwaysBounceVertical="YES" dataMode="prototypes" style="plain" separatorStyle="default" rowHeight="-1" estimatedRowHeight="-1" sectionHeaderHeight="28" sectionFooterHeight="28" translatesAutoresizingMaskIntoConstraints="NO" id="KsJ-5b-AxS">
                                <rect key="frame" x="0.0" y="88" width="414" height="774"/>
                                <color key="backgroundColor" systemColor="systemBackgroundColor"/>
                                <prototypes>
                                    <tableViewCell clipsSubviews="YES" contentMode="scaleToFill" insetsLayoutMarginsFromSafeArea="NO" selectionStyle="blue" hidesAccessoryWhenEditing="NO" indentationLevel="1" indentationWidth="0.0" reuseIdentifier="TableViewCell" rowHeight="451" id="hTZ-9W-CLw" customClass="TableViewCell" customModule="Exam" customModuleProvider="target">
                                        <rect key="frame" x="0.0" y="28" width="414" height="451"/>
                                        <autoresizingMask key="autoresizingMask"/>
                                        <tableViewCellContentView key="contentView" opaque="NO" clipsSubviews="YES" multipleTouchEnabled="YES" contentMode="center" insetsLayoutMarginsFromSafeArea="NO" tableViewCell="hTZ-9W-CLw" id="QbN-VT-tgD">
                                            <rect key="frame" x="0.0" y="0.0" width="414" height="451"/>
                                            <autoresizingMask key="autoresizingMask"/>
                                            <subviews>
                                                <label opaque="NO" userInteractionEnabled="NO" contentMode="left" horizontalHuggingPriority="251" verticalHuggingPriority="251" fixedFrame="YES" text="Label" textAlignment="center" lineBreakMode="tailTruncation" baselineAdjustment="alignBaselines" adjustsFontSizeToFit="NO" translatesAutoresizingMaskIntoConstraints="NO" id="VrU-ae-w8U">
                                                    <rect key="frame" x="0.0" y="84" width="414" height="21"/>
                                                    <autoresizingMask key="autoresizingMask" flexibleMaxX="YES" flexibleMaxY="YES"/>
                                                    <fontDescription key="fontDescription" type="system" pointSize="17"/>
                                                    <nil key="textColor"/>
                                                    <nil key="highlightedColor"/>
                                                </label>
                                                <label opaque="NO" userInteractionEnabled="NO" contentMode="left" horizontalHuggingPriority="251" verticalHuggingPriority="251" fixedFrame="YES" text="Label" textAlignment="center" lineBreakMode="tailTruncation" baselineAdjustment="alignBaselines" adjustsFontSizeToFit="NO" translatesAutoresizingMaskIntoConstraints="NO" id="mde-8o-u9p">
                                                    <rect key="frame" x="0.0" y="0.0" width="414" height="21"/>
                                                    <autoresizingMask key="autoresizingMask" flexibleMaxX="YES" flexibleMaxY="YES"/>
                                                    <fontDescription key="fontDescription" type="system" pointSize="17"/>
                                                    <nil key="textColor"/>
                                                    <nil key="highlightedColor"/>
                                                </label>
                                                <label opaque="NO" userInteractionEnabled="NO" contentMode="left" horizontalHuggingPriority="251" verticalHuggingPriority="251" fixedFrame="YES" text="Label" textAlignment="center" lineBreakMode="tailTruncation" baselineAdjustment="alignBaselines" adjustsFontSizeToFit="NO" translatesAutoresizingMaskIntoConstraints="NO" id="6y0-df-E6J">
                                                    <rect key="frame" x="0.0" y="62" width="414" height="21"/>
                                                    <autoresizingMask key="autoresizingMask" flexibleMaxX="YES" flexibleMaxY="YES"/>
                                                    <fontDescription key="fontDescription" type="system" pointSize="17"/>
                                                    <nil key="textColor"/>
                                                    <nil key="highlightedColor"/>
                                                </label>
                                                <label opaque="NO" userInteractionEnabled="NO" contentMode="left" horizontalHuggingPriority="251" verticalHuggingPriority="251" misplaced="YES" text="Label" textAlignment="center" lineBreakMode="tailTruncation" baselineAdjustment="alignBaselines" adjustsFontSizeToFit="NO" translatesAutoresizingMaskIntoConstraints="NO" id="aOy-9P-aP1">
                                                    <rect key="frame" x="0.0" y="29" width="414" height="35"/>
                                                    <fontDescription key="fontDescription" type="system" pointSize="17"/>
                                                    <nil key="textColor"/>
                                                    <nil key="highlightedColor"/>
                                                </label>
                                            </subviews>
                                            <constraints>
                                                <constraint firstAttribute="trailing" secondItem="aOy-9P-aP1" secondAttribute="trailing" id="O3C-Ev-ZQm"/>
                                                <constraint firstItem="aOy-9P-aP1" firstAttribute="top" secondItem="QbN-VT-tgD" secondAttribute="top" constant="5" id="buY-o1-EYv"/>
                                                <constraint firstItem="aOy-9P-aP1" firstAttribute="leading" secondItem="QbN-VT-tgD" secondAttribute="leading" id="wHi-ng-sJm"/>
                                            </constraints>
                                        </tableViewCellContentView>
                                        <connections>
                                            <outlet property="lbldate" destination="6y0-df-E6J" id="01Q-8f-4d7"/>
                                            <outlet property="lblid" destination="mde-8o-u9p" id="JmI-fW-j8V"/>
                                            <outlet property="lbllocation" destination="aOy-9P-aP1" id="rSj-ct-mIB"/>
                                            <outlet property="lbltype" destination="VrU-ae-w8U" id="dC4-UP-9lG"/>
                                        </connections>
                                    </tableViewCell>
                                </prototypes>
                                <connections>
                                    <outlet property="dataSource" destination="DKj-CC-qg0" id="dRi-7a-dDY"/>
                                    <outlet property="delegate" destination="DKj-CC-qg0" id="ty2-dN-hii"/>
                                </connections>
                            </tableView>
                        </subviews>
                        <viewLayoutGuide key="safeArea" id="wwZ-sT-LBf"/>
                        <color key="backgroundColor" systemColor="systemBackgroundColor"/>
                        <constraints>
                            <constraint firstItem="KsJ-5b-AxS" firstAttribute="leading" secondItem="wwZ-sT-LBf" secondAttribute="leading" id="7VK-IM-BKg"/>
                            <constraint firstItem="KsJ-5b-AxS" firstAttribute="top" secondItem="wwZ-sT-LBf" secondAttribute="top" id="Ykj-n8-ulM"/>
                            <constraint firstItem="wwZ-sT-LBf" firstAttribute="bottom" secondItem="KsJ-5b-AxS" secondAttribute="bottom" id="c8t-za-jf3"/>
                            <constraint firstItem="wwZ-sT-LBf" firstAttribute="trailing" secondItem="KsJ-5b-AxS" secondAttribute="trailing" id="cpe-Me-P9u"/>
                        </constraints>
                    </view>
                    <navigationItem key="navigationItem" id="Aew-FV-6uO"/>
                    <connections>
                        <outlet property="tableview" destination="KsJ-5b-AxS" id="2Ef-09-t2l"/>
                    </connections>
                </viewController>
                <placeholder placeholderIdentifier="IBFirstResponder" id="feN-5L-vyb" userLabel="First Responder" customClass="UIResponder" sceneMemberID="firstResponder"/>
            </objects>
            <point key="canvasLocation" x="1708.6956521739132" y="107.8125"/>
        </scene>
        <!--Navigation Controller-->
        <scene sceneID="tz2-vd-FRg">
            <objects>
                <navigationController automaticallyAdjustsScrollViewInsets="NO" id="huw-Rq-CbY" sceneMemberID="viewController">
                    <toolbarItems/>
                    <navigationBar key="navigationBar" contentMode="scaleToFill" id="21C-Av-7f8">
                        <rect key="frame" x="0.0" y="44" width="414" height="44"/>
                        <autoresizingMask key="autoresizingMask"/>
                    </navigationBar>
                    <nil name="viewControllers"/>
                    <connections>
                        <segue destination="BYZ-38-t0r" kind="relationship" relationship="rootViewController" id="VgV-Zv-CQo"/>
                    </connections>
                </navigationController>
                <placeholder placeholderIdentifier="IBFirstResponder" id="2JP-93-xJZ" userLabel="First Responder" customClass="UIResponder" sceneMemberID="firstResponder"/>
            </objects>
            <point key="canvasLocation" x="13.043478260869566" y="103.79464285714285"/>
        </scene>
    </scenes>
    <resources>
        <systemColor name="systemBackgroundColor">
            <color white="1" alpha="1" colorSpace="custom" customColorSpace="genericGamma22GrayColorSpace"/>
        </systemColor>
        <systemColor name="systemGray2Color">
            <color red="0.68235294117647061" green="0.68235294117647061" blue="0.69803921568627447" alpha="1" colorSpace="custom" customColorSpace="sRGB"/>
        </systemColor>
        <systemColor name="systemGreenColor">
            <color red="0.20392156862745098" green="0.7803921568627451" blue="0.34901960784313724" alpha="1" colorSpace="custom" customColorSpace="sRGB"/>
        </systemColor>
        <systemColor name="systemTealColor">
            <color red="0.35294117647058826" green="0.78431372549019607" blue="0.98039215686274506" alpha="1" colorSpace="custom" customColorSpace="sRGB"/>
        </systemColor>
    </resources>
</document>
